step	train_per_image_iou
2	0.820681631565094
4	0.8944823145866394
6	0.9105923771858215
8	0.9181135296821594
10	0.9251107573509216
12	0.9296382665634155
14	0.9215391278266907
16	0.9254710674285889
18	0.9325413703918457
20	0.9394139051437378
