step	train_dataset_iou
2	0.8223438262939453
4	0.9059761762619019
