step	train_dataset_iou
2	0.8299939036369324
4	0.9061019420623779
6	0.9201609492301941
8	0.9293319582939148
10	0.9369106292724609
12	0.9401562809944153
14	0.9440104365348816
16	0.943972110748291
18	0.9473268985748291
20	0.9517267346382141
22	0.9546529054641724
24	0.9564294219017029
