step	train_per_image_iou
2	0.8119603991508484
4	0.8938738107681274
6	0.9101743698120117
8	0.9181226491928101
10	0.9170511960983276
12	0.927498459815979
