step	train_dataset_iou
2	0.8158337473869324
4	0.9043747186660767
6	0.9200792908668518
8	0.9275444746017456
10	0.9256253242492676
12	0.9365720748901367
