step	train_dataset_iou
2	0.8282141089439392
4	0.9044782519340515
6	0.9202345609664917
8	0.927665114402771
10	0.9343545436859131
12	0.9390097260475159
14	0.930343508720398
16	0.935012698173523
18	0.9416460394859314
20	0.9484081268310547
