step	train_per_image_iou
2	0.8194299936294556
4	0.8975265026092529
6	0.9108371138572693
8	0.9147787094116211
10	0.9208428263664246
12	0.9267905354499817
14	0.9332005381584167
16	0.9375940561294556
18	0.939471960067749
20	0.9422006011009216
22	0.9442487955093384
24	0.9465892314910889
26	0.9465034604072571
