step	train_per_image_iou
2	0.8194534778594971
4	0.8957924842834473
