{
    "valid_per_image_iou": 0.8960855007171631,
    "valid_dataset_iou": 0.904810905456543,
    "step": 26,
    "train_per_image_iou": 0.9465034604072571,
    "train_dataset_iou": 0.9548320174217224
}
