{
    "valid_per_image_iou": 0.9055238962173462,
    "valid_dataset_iou": 0.9143036603927612,
    "step": 20,
    "train_per_image_iou": 0.9394139051437378,
    "train_dataset_iou": 0.9484081268310547
}
