{
    "valid_per_image_iou": 0.9022598266601562,
    "valid_dataset_iou": 0.9114397168159485,
    "step": 12,
    "train_per_image_iou": 0.927498459815979,
    "train_dataset_iou": 0.9365720748901367
}
