{
    "valid_per_image_iou": 0.8938812017440796,
    "valid_dataset_iou": 0.9033231735229492,
    "step": 4,
    "train_per_image_iou": 0.8957924842834473,
    "train_dataset_iou": 0.9059761762619019
}
