{
    "valid_per_image_iou": 0.8777202367782593,
    "valid_dataset_iou": 0.8912569880485535,
    "step": 2,
    "train_per_image_iou": 0.8124725818634033,
    "train_dataset_iou": 0.8215973973274231
}
